<?xml version="1.0" encoding="UTF-8" ?>
<XMLDB PATH="mod/new_data_entry/db" VERSION="20241030" COMMENT="XMLDB file for Moodle mod/new_data_entry"
    xmlns:xsi="http://www.w3.org/2001/XMLSchema-instance"
    xsi:noNamespaceSchemaLocation="../../../lib/xmldb/xmldb.xsd"
>
  <TABLES>
    <TABLE NAME="new_data_entry" COMMENT="Instances of mod_new_data_entry">
      <FIELDS>
        <FIELD NAME="id" TYPE="int" LENGTH="10" NOTNULL="true" SEQUENCE="true"/>
        <FIELD NAME="course" TYPE="int" LENGTH="10" NOTNULL="true" DEFAULT="0" SEQUENCE="false"/>
        <FIELD NAME="name" TYPE="char" LENGTH="255" NOTNULL="true" SEQUENCE="false"/>
        <FIELD NAME="intro" TYPE="text" NOTNULL="true" SEQUENCE="false"/>
        <FIELD NAME="introformat" TYPE="int" LENGTH="4" NOTNULL="true" DEFAULT="0" SEQUENCE="false"/>
        <FIELD NAME="timemodified" TYPE="int" LENGTH="10" NOTNULL="true" DEFAULT="0" SEQUENCE="false"/>
      </FIELDS>
      <KEYS>
        <KEY NAME="primary" TYPE="primary" FIELDS="id"/>
      </KEYS>
      <INDEXES>
        <INDEX NAME="course" UNIQUE="false" FIELDS="course"/>
      </INDEXES>
    </TABLE>
       <TABLE NAME="new_data_entry_data" COMMENT="new_data_entry data" PREVIOUS="new_data_entry">
      <FIELDS>
        <FIELD NAME="id" TYPE="int" LENGTH="10" NOTNULL="true" UNSIGNED="true" SEQUENCE="true" NEXT="new_data_entryid"/>
        <FIELD NAME="new_data_entryid" TYPE="int" LENGTH="10" NOTNULL="true" UNSIGNED="true" SEQUENCE="false" PREVIOUS="id" NEXT="userid"/>
        <FIELD NAME="userid" TYPE="int" LENGTH="10" NOTNULL="true" UNSIGNED="true" SEQUENCE="false" PREVIOUS="new_data_entryid" NEXT="starttime"/>
        <FIELD NAME="starttime" TYPE="int" LENGTH="10" NOTNULL="true" UNSIGNED="true" SEQUENCE="false" PREVIOUS="userid" NEXT="endtime"/>
        <FIELD NAME="endtime" TYPE="int" LENGTH="10" NOTNULL="true" UNSIGNED="true" SEQUENCE="false" PREVIOUS="starttime" NEXT="duration"/>
        <FIELD NAME="duration" TYPE="int" LENGTH="10" NOTNULL="true" UNSIGNED="true" SEQUENCE="false" PREVIOUS="endtime" NEXT="cmid"/>
        <FIELD NAME="cmid" TYPE="int" LENGTH="10" NOTNULL="false" UNSIGNED="true" SEQUENCE="false" PREVIOUS="duration" NEXT="description"/>
        <FIELD NAME="description" TYPE="char" LENGTH="500" NOTNULL="false" SEQUENCE="false" PREVIOUS="cmid"/>
         <FIELD NAME="approval" TYPE="int" LENGTH="4" NOTNULL="true" DEFAULT="0" UNSIGNED="true" SEQUENCE="false" PREVIOUS="description"/>
         <FIELD NAME="file" TYPE="int" LENGTH="10" NOTNULL="true" DEFAULT="0" UNSIGNED="true" SEQUENCE="false" PREVIOUS="approval"/>
       <FIELD NAME="clinicname" TYPE="char" LENGTH="100" NOTNULL="false" SEQUENCE="false" PREVIOUS="file"/>
       <FIELD NAME="preceptorname" TYPE="char" LENGTH="100" NOTNULL="false" SEQUENCE="false" PREVIOUS="clinicname"/>
       <FIELD NAME="comments" TYPE="char" LENGTH="250" NOTNULL="false" SEQUENCE="false" PREVIOUS="preceptorname"/>
      </FIELDS>
      <KEYS>
        <KEY NAME="primary" TYPE="primary" FIELDS="id"/>
      </KEYS>
    </TABLE>
  </TABLES>
</XMLDB>
