<?xml version="1.0" encoding="UTF-8" ?>
<XMLDB PATH="mod/dataentry/db" VERSION="20241019" COMMENT="XMLDB file for Moodle mod_dataentry"
    xmlns:xsi="http://www.w3.org/2001/XMLSchema-instance"
    xsi:noNamespaceSchemaLocation="../../../lib/xmldb/xmldb.xsd"
>
  <TABLES>
    <TABLE NAME="dataentry" COMMENT="Stores the dataentry activity module instances.">
      <FIELDS>
        <FIELD NAME="id" TYPE="int" LENGTH="10" NOTNULL="true" SEQUENCE="true"/>
        <FIELD NAME="course" TYPE="int" LENGTH="10" NOTNULL="true" SEQUENCE="false" COMMENT="ID of the course this activity is part of."/>
        <FIELD NAME="name" TYPE="char" LENGTH="255" NOTNULL="true" SEQUENCE="false" COMMENT="The name of the activity module instance"/>
        <FIELD NAME="timecreated" TYPE="int" LENGTH="10" NOTNULL="true" DEFAULT="0" SEQUENCE="false" COMMENT="Timestamp of when the instance was added to the course."/>
        <FIELD NAME="timemodified" TYPE="int" LENGTH="10" NOTNULL="true" DEFAULT="0" SEQUENCE="false" COMMENT="Timestamp of when the instance was last modified."/>
        <FIELD NAME="intro" TYPE="text" NOTNULL="false" SEQUENCE="false" COMMENT="Activity description."/>
        <FIELD NAME="introformat" TYPE="int" LENGTH="4" NOTNULL="true" DEFAULT="0" SEQUENCE="false" COMMENT="The format of the intro field."/>
      </FIELDS>
      <KEYS>
        <KEY NAME="primary" TYPE="primary" FIELDS="id"/>
        <KEY NAME="fk_course" TYPE="foreign" FIELDS="course" REFTABLE="course" REFFIELDS="id"/>
      </KEYS>
    </TABLE>
     <TABLE NAME="dataentry_data" COMMENT="Data Entry data" PREVIOUS="dataentry">
      <FIELDS>
        <FIELD NAME="id" TYPE="int" LENGTH="10" NOTNULL="true" UNSIGNED="true" SEQUENCE="true" NEXT="dataentryid"/>
        <FIELD NAME="dataentryid" TYPE="int" LENGTH="10" NOTNULL="true" UNSIGNED="true" SEQUENCE="false" PREVIOUS="id" NEXT="userid"/>
        <FIELD NAME="userid" TYPE="int" LENGTH="10" NOTNULL="true" UNSIGNED="true" SEQUENCE="false" PREVIOUS="dataentryid" NEXT="starttime"/>
        <FIELD NAME="starttime" TYPE="int" LENGTH="10" NOTNULL="true" UNSIGNED="true" SEQUENCE="false" PREVIOUS="userid" NEXT="endtime"/>
        <FIELD NAME="endtime" TYPE="int" LENGTH="10" NOTNULL="true" UNSIGNED="true" SEQUENCE="false" PREVIOUS="starttime" NEXT="duration"/>
        <FIELD NAME="duration" TYPE="int" LENGTH="10" NOTNULL="true" UNSIGNED="true" SEQUENCE="false" PREVIOUS="endtime" NEXT="cmid"/>
        <FIELD NAME="cmid" TYPE="int" LENGTH="10" NOTNULL="false" UNSIGNED="true" SEQUENCE="false" PREVIOUS="duration" NEXT="description"/>
        <FIELD NAME="description" TYPE="char" LENGTH="500" NOTNULL="false" SEQUENCE="false" PREVIOUS="cmid"/>
         <FIELD NAME="approval" TYPE="int" LENGTH="4" NOTNULL="true" DEFAULT="0" UNSIGNED="true" SEQUENCE="false" PREVIOUS="description"/>
         <FIELD NAME="file" TYPE="int" LENGTH="10" NOTNULL="true" DEFAULT="0" UNSIGNED="true" SEQUENCE="false" PREVIOUS="approval"/>
       <FIELD NAME="clinicname" TYPE="char" LENGTH="100" NOTNULL="false" SEQUENCE="false" PREVIOUS="file"/>
       <FIELD NAME="preceptorname" TYPE="char" LENGTH="100" NOTNULL="false" SEQUENCE="false" PREVIOUS="clinicname"/>
       <FIELD NAME="comments" TYPE="char" LENGTH="250" NOTNULL="false" SEQUENCE="false" PREVIOUS="preceptorname"/>
      </FIELDS>
      <KEYS>
        <KEY NAME="primary" TYPE="primary" FIELDS="id"/>
      </KEYS>
    </TABLE>
  </TABLES>
</XMLDB>
